{"ax":-0.06884766,"ay":-1.04541,"az":0.01098633,"roll":-0.07654953,"pitch":-0.07577991,"yaw":-0.04600716}