{"ax":0.02897168,"ay":-0.9964824,"az":-0.0008762152,"pitch":0.04979968,"roll":0.0517751,"yaw":0.00766927}
